{"f_score_class_1": 0.9343393759448675, "f_score_class_0": 0.23898973954222574}