{"f_score_class_1": 0.9629043480633587, "f_score_class_0": 0.5814991534554409}